{"backedUpFiles":["/sdcard/FIRST/blocks/armTest1.blk","/sdcard/FIRST/blocks/armTest1.js","/sdcard/FIRST/justArmMotor1.xml","/sdcard/FIRST/New Bot 2023-24.xml","/sdcard/FIRST/New Bot 2023-24 nov14.xml","/sdcard/FIRST/New Bot 2023-24 imu.xml","/sdcard/FIRST/New Bot 2023-24 imu nov 17.xml","/sdcard/FIRST/New Bot 2023-24 odopods.xml","/sdcard/FIRST/New Bot 2023-24 odopods and launcher.xml","/sdcard/FIRST/tflitemodels/BlueCube.tflite","/sdcard/FIRST/tflitemodels/RedCube.tflite"],"deviceName":"Control Hub 5126-B-RC","modifiedTimes":[{"fileName":"/sdcard/FIRST/justArmMotor1.xml","time":"Thu Nov  2 19:22:53 CDT 2023"},{"fileName":"/sdcard/FIRST/New Bot 2023-24.xml","time":"date: Can't stat /sdcard/FIRST/New: No such file or directory"},{"fileName":"/sdcard/FIRST/blocks/armTest1.blk","time":"Wed Oct 18 14:31:05 CDT 2023"},{"fileName":"/sdcard/FIRST/New Bot 2023-24 nov14.xml","time":"date: Can't stat /sdcard/FIRST/New: No such file or directory"},{"fileName":"/sdcard/FIRST/New Bot 2023-24 imu.xml","time":"date: Can't stat /sdcard/FIRST/New: No such file or directory"},{"fileName":"/sdcard/FIRST/blocks/armTest1.js","time":"Wed Oct 18 14:31:05 CDT 2023"},{"fileName":"/sdcard/FIRST/New Bot 2023-24 odopods.xml","time":"date: Can't stat /sdcard/FIRST/New: No such file or directory"},{"fileName":"/sdcard/FIRST/tflitemodels/RedCube.tflite","time":"Thu Nov  9 12:18:51 CST 2023"},{"fileName":"/sdcard/FIRST/New Bot 2023-24 imu nov 17.xml","time":"date: Can't stat /sdcard/FIRST/New: No such file or directory"},{"fileName":"/sdcard/FIRST/New Bot 2023-24 odopods and launcher.xml","time":"date: Can't stat /sdcard/FIRST/New: No such file or directory"},{"fileName":"/sdcard/FIRST/tflitemodels/BlueCube.tflite","time":"Wed Nov  8 18:01:11 CST 2023"}]}