<?xml version='1.0' encoding='UTF-8' standalone='yes' ?>
<Robot type="FirstInspires-FTC">
    <LynxUsbDevice name="Control Hub Portal" serialNumber="(embedded)" parentModuleAddress="173">
        <LynxModule name="Expansion Hub 2" port="2">
            <RevRoboticsCoreHexMotor name="arm" port="0" />
            <RevRoboticsCoreHexMotor name="armBoost" port="1" />
            <LynxEmbeddedIMU name="imu" port="0" bus="0" />
        </LynxModule>
        <LynxModule name="Control Hub" port="173">
            <goBILDA5202SeriesMotor name="Motor0" port="0" />
            <goBILDA5202SeriesMotor name="Motor1" port="1" />
            <goBILDA5202SeriesMotor name="Motor2" port="2" />
            <goBILDA5202SeriesMotor name="Motor3" port="3" />
            <ContinuousRotationServo name="claw" port="0" />
        </LynxModule>
    </LynxUsbDevice>
    <Webcam name="Webcam 1" serialNumber="B64F6480" />
</Robot>
